Module,Group,Functionality ID,Functionality,Implementation Status,UI,API,Service,Permission,DB Impact,Manual Case Count,Manual Test Cases,Existing Test Count,Existing Tests,Automation Tests (Playwright),Defects
11-loans-advances,Loan Products and Configuration,F-LOAN-001,"List loan products for the tenant, ordered by Code",Implemented,PayrollLoansPage,GET /api/payroll/loan-products,PayrollLoanService.GetProductsAsync,Payroll.Loans.View,LoanProducts,1,LOAN-PR-002,0,,,
11-loans-advances,Loan Products and Configuration,F-LOAN-002,Create a loan product - Code and Name are required,Implemented,PayrollLoansPage,POST /api/payroll/loan-products,PayrollLoanService.CreateProductAsync,Payroll.Loans.ManageProducts,LoanProducts,3,"LOAN-PR-001, LOAN-PR-003, LOAN-PR-014",0,,,
11-loans-advances,Loan Products and Configuration,F-LOAN-003,Amount limits are validated: MinAmount/MaxAmount cannot be negative and Min cannot exceed Max,Implemented,,POST/PUT /api/payroll/loan-products,PayrollLoanService.CreateProductAsync / UpdateProductAsync,Payroll.Loans.ManageProducts,LoanProducts,1,LOAN-PR-004,0,,,
11-loans-advances,Loan Products and Configuration,F-LOAN-004,Tenure limits are validated: MinTenureMonths/MaxTenureMonths must be >=1 and Min cannot exceed Max,Implemented,,POST/PUT /api/payroll/loan-products,PayrollLoanService.CreateProductAsync / UpdateProductAsync,Payroll.Loans.ManageProducts,LoanProducts,1,LOAN-PR-005,0,,,
11-loans-advances,Loan Products and Configuration,F-LOAN-005,"Product Code is trimmed and must be unique per tenant, else Conflict",Implemented,,POST /api/payroll/loan-products,PayrollLoanService.CreateProductAsync,Payroll.Loans.ManageProducts,LoanProducts,1,LOAN-PR-006,0,,,
11-loans-advances,Loan Products and Configuration,F-LOAN-006,"Creating a product auto-generates one open-ended Active LoanProductVersion effective from today, carrying the same terms",Implemented,,,PayrollLoanService.CreateProductAsync,Payroll.Loans.ManageProducts,LoanProductVersions,1,LOAN-PR-007,0,,,
11-loans-advances,Loan Products and Configuration,F-LOAN-007,Update requires the product to exist in the tenant (NotFound) and re-checks code uniqueness excluding itself (Conflict),Implemented,,PUT /api/payroll/loan-products/{id},PayrollLoanService.UpdateProductAsync,Payroll.Loans.ManageProducts,LoanProducts,1,LOAN-PR-008,0,,,
11-loans-advances,Loan Products and Configuration,F-LOAN-008,Update never touches LoanProductVersions - the product header's own Min/Max amount and tenure fields (used later as CreateLoanAsync's eligibility bounds) and each version's own independently-set Min/Max fields can drift out of sync,Implemented,,PUT /api/payroll/loan-products/{id},PayrollLoanService.UpdateProductAsync,Payroll.Loans.ManageProducts,"LoanProducts, LoanProductVersions",1,LOAN-PR-009,0,,,
11-loans-advances,Loan Products and Configuration,F-LOAN-009,"CreateProductVersionAsync validates EffectiveTo>=EffectiveFrom, non-negative/ordered amount and tenure bounds, and non-negative InterestRate",Implemented,,POST /api/payroll/loan-products/{id}/versions,PayrollLoanService.CreateProductVersionAsync,Payroll.Loans.ManageProducts,LoanProductVersions,1,LOAN-PR-010,0,,,
11-loans-advances,Loan Products and Configuration,F-LOAN-010,"A new Active version's date range cannot overlap an existing Active version's range for the same product, else Conflict",Implemented,,POST /api/payroll/loan-products/{id}/versions,PayrollLoanService.CreateProductVersionAsync,Payroll.Loans.ManageProducts,LoanProductVersions,2,"LOAN-PR-011, LOAN-PR-012",0,,,
11-loans-advances,Loan Products and Configuration,F-LOAN-011,LoanProductVersionStatus.Retired is a declared lifecycle state that no service method ever assigns - a version can never be explicitly retired through the API,Implemented,,,PayrollLoanService.cs (full grep for LoanProductVersionStatus.Retired),Payroll.Loans.ManageProducts,LoanProductVersions.Status,1,LOAN-PR-013,0,,,
11-loans-advances,Eligibility and Employee Loan Requests,F-LOAN-012,"CreateLoanAsync requires RequestedAmount>0 and RequestedTenureMonths>0, else Invalid",Implemented,MyLoansPage,"POST /api/payroll/loans, POST /api/me/loans",PayrollLoanService.CreateLoanAsync,Payroll.Loans.Request,EmployeeLoans,3,"LOAN-REQ-001, LOAN-REQ-002, LOAN-REQ-015",0,,,
11-loans-advances,Eligibility and Employee Loan Requests,F-LOAN-013,"The referenced loan product must exist in the tenant and be Active, else NotFound",Implemented,,POST /api/payroll/loans,PayrollLoanService.CreateLoanAsync,Payroll.Loans.Request,LoanProducts,1,LOAN-REQ-003,0,,,
11-loans-advances,Eligibility and Employee Loan Requests,F-LOAN-014,"The target employee must exist in the tenant, else NotFound - CreateLoanAsync does not additionally require the employee's own Status to be Active, unlike Payroll Run population eligibility",Implemented,,POST /api/payroll/loans,PayrollLoanService.CreateLoanAsync,Payroll.Loans.Request,Employees,2,"LOAN-REQ-004, LOAN-REQ-005",0,,,
11-loans-advances,Eligibility and Employee Loan Requests,F-LOAN-015,"RequestedAmount must fall within the product header's MinAmount/MaxAmount (when set), else Invalid",Implemented,,POST /api/payroll/loans,PayrollLoanService.CreateLoanAsync,Payroll.Loans.Request,LoanProducts,1,LOAN-REQ-006,0,,,
11-loans-advances,Eligibility and Employee Loan Requests,F-LOAN-016,"RequestedTenureMonths must fall within the product header's MinTenureMonths/MaxTenureMonths (when set), else Invalid",Implemented,,POST /api/payroll/loans,PayrollLoanService.CreateLoanAsync,Payroll.Loans.Request,LoanProducts,1,LOAN-REQ-007,0,,,
11-loans-advances,Eligibility and Employee Loan Requests,F-LOAN-017,MaxConcurrentLoans is stored on the product but is never read or enforced anywhere in CreateLoanAsync - an employee may hold unlimited concurrent loans against a product declaring a cap,Implemented,,,PayrollLoanService.cs (full grep for MaxConcurrentLoans usage),Payroll.Loans.Request,LoanProducts.MaxConcurrentLoans,1,LOAN-REQ-008,0,,,
11-loans-advances,Eligibility and Employee Loan Requests,F-LOAN-018,"The loan's interest terms (InterestMethod/InterestRate) and RecoveryPolicy are resolved from the currently-effective Active LoanProductVersion (latest EffectiveFrom<=today, EffectiveTo null or >=today); when none resolves, the request still succeeds falling back to the product-header InterestMethod/InterestRate/RecoveryPolicy with LoanProductVersionId left at Guid.Empty",Implemented,,POST /api/payroll/loans,PayrollLoanService.CreateLoanAsync,Payroll.Loans.Request,LoanProductVersions,1,LOAN-REQ-009,0,,,
11-loans-advances,Eligibility and Employee Loan Requests,F-LOAN-019,LoanNumber is generated as {LN|ADV}/{year}/{random-GUID-fragment} truncated to 22 characters and upper-cased - not a deterministic sequential number,Implemented,,POST /api/payroll/loans,PayrollLoanService.CreateLoanAsync,Payroll.Loans.Request,EmployeeLoans.LoanNumber,1,LOAN-REQ-010,0,,,
11-loans-advances,Eligibility and Employee Loan Requests,F-LOAN-020,"Status resolves to Draft when the product requires approval (default), or straight to Approved (with ApprovedAmount/ApprovedTenureMonths pre-filled from the request) when the product does not",Implemented,,POST /api/payroll/loans,PayrollLoanService.CreateLoanAsync,Payroll.Loans.Request,EmployeeLoans.Status,1,LOAN-REQ-011,0,,,
11-loans-advances,Eligibility and Employee Loan Requests,F-LOAN-021,"OutstandingPrincipal and OutstandingTotal are pre-populated to RequestedAmount at creation time, before any approval has happened",Implemented,,POST /api/payroll/loans,PayrollLoanService.CreateLoanAsync,Payroll.Loans.Request,"EmployeeLoans.OutstandingPrincipal, OutstandingTotal",1,LOAN-REQ-012,0,,,
11-loans-advances,Eligibility and Employee Loan Requests,F-LOAN-022,"Creating a loan appends a Created LoanHistory row, and the ESS self-service create route (POST /api/me/loans) forcibly overwrites the submitted EmployeeId with the caller's own linked-employee id before calling CreateLoanAsync",Implemented,,POST /api/me/loans,PayrollLoansController.MyCreate,Payroll.Loans.Request,LoanHistories,2,"LOAN-REQ-013, LOAN-REQ-014",0,,,
11-loans-advances,"Submission, Approval and Rejection",F-LOAN-023,"Submit transitions a loan from Draft to Submitted only, else Conflict",Implemented,MyLoansPage,"POST /api/payroll/loans/{id}/submit, POST /api/me/loans/{id}/submit",PayrollLoanService.SubmitAsync,Payroll.Loans.Request,EmployeeLoans.Status,2,"LOAN-APR-001, LOAN-APR-002",0,,,
11-loans-advances,"Submission, Approval and Rejection",F-LOAN-024,"Approve requires the loan to be Submitted, else Conflict",Implemented,PayrollLoansPage,POST /api/payroll/loans/{id}/approve,PayrollLoanService.ApproveAsync,Payroll.Loans.Approve,EmployeeLoans.Status,2,"LOAN-APR-003, LOAN-APR-004",0,,,
11-loans-advances,"Submission, Approval and Rejection",F-LOAN-025,Approve invokes PayrollApprovalGuard maker-checker and rejects self-approval when the tenant's PayrollControlConfiguration has RequireMakerChecker and PreventSelfApproval enabled and the approver is the original requester,Implemented,,POST /api/payroll/loans/{id}/approve,PayrollLoanService.ApproveAsync -> PayrollApprovalGuard.ValidateAsync,Payroll.Loans.Approve,PayrollControlConfigurations,2,"LOAN-APR-005, LOAN-APR-006",0,,,
11-loans-advances,"Submission, Approval and Rejection",F-LOAN-026,"Approve accepts optional approvedAmount/approvedTenureMonths overrides, defaulting to the originally requested values when omitted",Implemented,,POST /api/payroll/loans/{id}/approve?amount=&tenureMonths=,PayrollLoanService.ApproveAsync,Payroll.Loans.Approve,"EmployeeLoans.ApprovedAmount, ApprovedTenureMonths",1,LOAN-APR-007,0,,,
11-loans-advances,"Submission, Approval and Rejection",F-LOAN-027,Approve resets OutstandingPrincipal and OutstandingTotal to the (possibly overridden) ApprovedAmount and stamps ApprovedAtUtc/ApprovedByUserId,Implemented,,POST /api/payroll/loans/{id}/approve,PayrollLoanService.ApproveAsync,Payroll.Loans.Approve,"EmployeeLoans.OutstandingPrincipal, OutstandingTotal",1,LOAN-APR-008,0,,,
11-loans-advances,"Submission, Approval and Rejection",F-LOAN-028,"Reject is allowed from EITHER Submitted or Draft status (not Submitted-only) and requires a non-blank reason, else Invalid",Implemented,,POST /api/payroll/loans/{id}/reject?reason=,PayrollLoanService.RejectAsync,Payroll.Loans.Approve,"EmployeeLoans.Status, RejectionReason",2,"LOAN-APR-009, LOAN-APR-010",0,,,
11-loans-advances,"Submission, Approval and Rejection",F-LOAN-029,"Reject does NOT invoke PayrollApprovalGuard at all - unlike Approve and Cancel, a self-requester can reject their own loan even under a maker-checker/self-approval policy, and RequireReasonForCancellation-style policy reasons never apply to Reject",Implemented,,POST /api/payroll/loans/{id}/reject,PayrollLoanService.RejectAsync (full method - no approvalGuard reference),Payroll.Loans.Approve,n/a,1,LOAN-APR-011,0,,,
11-loans-advances,"Submission, Approval and Rejection",F-LOAN-030,"A loan already Approved, Rejected, Disbursed/Active, Closed or Cancelled cannot be Submitted again",Implemented,,POST /api/payroll/loans/{id}/submit,PayrollLoanService.TransitionAsync,Payroll.Loans.Request,EmployeeLoans.Status,1,LOAN-APR-012,0,,,
11-loans-advances,"Submission, Approval and Rejection",F-LOAN-031,"A cross-tenant loan id (submit/approve/reject) is NotFound, not Forbidden",Implemented,,POST /api/payroll/loans/{id}/approve,PayrollLoanService.cs (TenantId filter),Payroll.Loans.Approve,EmployeeLoans (TenantId filter),1,LOAN-APR-013,0,,,
11-loans-advances,"Submission, Approval and Rejection",F-LOAN-032,Every submit/approve/reject transition appends an append-only LoanHistory row carrying the previous and next status,Implemented,,"POST /api/payroll/loans/{id}/submit, /approve, /reject",PayrollLoanService.AddHistory,Payroll.Loans.Request,LoanHistories,1,LOAN-APR-014,0,,,
11-loans-advances,Disbursement and EMI Schedule,F-LOAN-033,"RecordDisbursementAsync requires the loan to be Approved, else Conflict",Implemented,PayrollLoansPage,POST /api/payroll/loans/{id}/record-disbursement,PayrollLoanService.RecordDisbursementAsync,Payroll.Loans.Disburse,EmployeeLoans.Status,1,LOAN-DIS-001,0,,,
11-loans-advances,Disbursement and EMI Schedule,F-LOAN-034,"Disbursed amount defaults to ApprovedAmount, must be >0 and cannot exceed ApprovedAmount - a disbursed amount below the approved amount (partial disbursement) is accepted",Implemented,,POST /api/payroll/loans/{id}/record-disbursement?amount=,PayrollLoanService.RecordDisbursementAsync,Payroll.Loans.Disburse,EmployeeLoans.DisbursedAmount,2,"LOAN-DIS-002, LOAN-DIS-003",0,,,
11-loans-advances,Disbursement and EMI Schedule,F-LOAN-035,"Disbursement moves the loan to Active and stamps DisbursedAtUtc, appending both Disbursed and Activated LoanHistory events",Implemented,,POST /api/payroll/loans/{id}/record-disbursement,PayrollLoanService.RecordDisbursementAsync,Payroll.Loans.Disburse,"EmployeeLoans.Status, LoanHistories",1,LOAN-DIS-004,0,,,
11-loans-advances,Disbursement and EMI Schedule,F-LOAN-036,"The installment schedule (BuildSchedule) is generated exactly once per loan, double-guarded by a hadSchedule check before persistence and an internal early-return when installments already exist",Implemented,,POST /api/payroll/loans/{id}/record-disbursement,PayrollLoanService.BuildSchedule,Payroll.Loans.Disburse,LoanInstallments,2,"LOAN-DIS-005, LOAN-PRV-005",0,,,
11-loans-advances,Disbursement and EMI Schedule,F-LOAN-037,"InterestMethod.None produces a zero-interest schedule - principal split evenly across the tenure, with the final installment absorbing any rounding remainder",Implemented,,,PayrollLoanService.BuildSchedule,Payroll.Loans.Disburse,LoanInstallments,1,LOAN-DIS-006,0,,,
11-loans-advances,Disbursement and EMI Schedule,F-LOAN-038,"InterestMethod.Flat computes total interest as Principal*Rate%*(TenureMonths/12), split evenly per installment, with principal likewise split evenly and the remainder absorbed by the final installment",Implemented,,,PayrollLoanService.BuildSchedule,Payroll.Loans.Disburse,LoanInstallments,1,LOAN-DIS-007,0,,,
11-loans-advances,Disbursement and EMI Schedule,F-LOAN-039,"InterestMethod.ReducingBalance computes a standard amortizing EMI from the monthly rate and tenure, with each installment's principal component derived from the prior installment's closing balance",Implemented,,,PayrollLoanService.BuildSchedule,Payroll.Loans.Disburse,LoanInstallments,1,LOAN-DIS-008,0,,,
11-loans-advances,Disbursement and EMI Schedule,F-LOAN-040,Each installment persists OpeningPrincipal/PrincipalAmount/InterestAmount/InstallmentAmount/ClosingPrincipal and a DueDate of the disbursement date advanced by its installment number in months,Implemented,,GET /api/payroll/loans/{id}/schedule,PayrollLoanService.BuildSchedule,Payroll.Loans.View,LoanInstallments,1,LOAN-DIS-009,0,,,
11-loans-advances,Disbursement and EMI Schedule,F-LOAN-041,"After disbursement, OutstandingInterest and OutstandingTotal are recomputed as the sum of the generated installments' InterestAmount plus the disbursed principal",Implemented,,POST /api/payroll/loans/{id}/record-disbursement,PayrollLoanService.RecordDisbursementAsync,Payroll.Loans.Disburse,"EmployeeLoans.OutstandingInterest, OutstandingTotal",1,LOAN-DIS-010,0,,,
11-loans-advances,Disbursement and EMI Schedule,F-LOAN-042,"GetScheduleAsync returns the persisted installment set ordered by InstallmentNumber, NotFound for an unknown or cross-tenant loan id",Implemented,"PayrollLoansPage, MyLoansPage",GET /api/payroll/loans/{id}/schedule,PayrollLoanService.GetScheduleAsync,Payroll.Loans.View,LoanInstallments,2,"LOAN-DIS-011, LOAN-DIS-012",0,,,
11-loans-advances,Disbursement and EMI Schedule,F-LOAN-043,"The EmployeeLoanDto returned by every read/mutation endpoint embeds the full ordered installment schedule inline, so /api/me/loans/{id} already exposes an ESS employee's own schedule without a separate self-service history/schedule route",Implemented,,GET /api/me/loans/{id},PayrollLoanService.ToDto(EmployeeLoan),Payroll.Loans.Request,LoanInstallments,1,LOAN-DIS-013,0,,,
11-loans-advances,Payroll Deduction Integration,F-LOAN-044,"LoanPayrollRecoveryResolver.ResolveAsync selects due installments for Active loans only (Status Scheduled or PartiallyRecovered, DueDate<=payDate, RecoveredAmount<InstallmentAmount), ordered by the owning product's RecoveryPriority, then DueDate, then InstallmentNumber",Implemented,,,LoanPayrollRecoveryResolver.ResolveAsync,Payroll.Run.Calculate,LoanInstallments,2,"LOAN-PAY-001, LOAN-PAY-002",0,,,
11-loans-advances,Payroll Deduction Integration,F-LOAN-045,"During calculation, the engine adds one LOAN-{loanNumber} deduction PayrollResultComponent per due installment returned by the resolver, tagged CalculationSource=LoanRecovery with loan/installment traceability",Implemented,,POST /api/payroll/runs/{id}/calculate,PayrollCalculationEngine.CalculateEmployeeAsync (loanRecovery block),Payroll.Run.Calculate,PayrollResultComponents,1,LOAN-PAY-003,0,,,
11-loans-advances,Payroll Deduction Integration,F-LOAN-046,"RecoveryPolicy.DeferInstallment skips the installment entirely for that payroll cycle - it remains Scheduled/PartiallyRecovered, un-recovered, with no calculation error",Implemented,,POST /api/payroll/runs/{id}/calculate,PayrollCalculationEngine.CalculateEmployeeAsync,Payroll.Run.Calculate,LoanInstallments.Status,1,LOAN-PAY-004,0,,,
11-loans-advances,Payroll Deduction Integration,F-LOAN-047,RecoveryPolicy.RecoverFullOrFail fails the entire employee's payroll calculation (CalculationFailed) when the installment's TotalDue exceeds the employee's available net pay at that point,Implemented,,POST /api/payroll/runs/{id}/calculate,PayrollCalculationEngine.CalculateEmployeeAsync,Payroll.Run.Calculate,PayrollCalculationErrors,1,LOAN-PAY-005,0,,,
11-loans-advances,Payroll Deduction Integration,F-LOAN-048,RecoveryPolicy.PartialRecovery clips the recovered amount down to whatever net pay remains (floored at zero) instead of failing the calculation,Implemented,,POST /api/payroll/runs/{id}/calculate,PayrollCalculationEngine.CalculateEmployeeAsync,Payroll.Run.Calculate,PayrollResultComponents,1,LOAN-PAY-006,0,,,
11-loans-advances,Payroll Deduction Integration,F-LOAN-049,"Multiple due installments across multiple loans for the same employee are applied in RecoveryPriority order, each one decrementing the running NetPay before the next is evaluated",Implemented,,POST /api/payroll/runs/{id}/calculate,PayrollCalculationEngine.CalculateEmployeeAsync,Payroll.Run.Calculate,PayrollResultComponents,1,LOAN-PAY-007,0,,,
11-loans-advances,Payroll Deduction Integration,F-LOAN-050,"On a successful calculation, PersistLoanRecoveriesAsync creates one LoanRepayment (RepaymentType.Payroll) per recovered installment and updates the LoanInstallment's RecoveredAmount/Status/PayrollRunId/PayrollResultId/RecoveredAtUtc",Implemented,,POST /api/payroll/runs/{id}/calculate,PayrollCalculationEngine.PersistLoanRecoveriesAsync,Payroll.Run.Calculate,"LoanRepayments, LoanInstallments",2,"LOAN-PAY-008, LOAN-PAY-013",0,,,
11-loans-advances,Payroll Deduction Integration,F-LOAN-051,"Persisting a payroll recovery is idempotent per (LoanInstallmentId, PayrollResultId) - a recalculation of the same result does not double-record the LoanRepayment",Implemented,,POST /api/payroll/runs/{id}/recalculate,PayrollCalculationEngine.PersistLoanRecoveriesAsync,Payroll.Run.Recalculate,LoanRepayments,1,LOAN-PAY-009,0,,,
11-loans-advances,Payroll Deduction Integration,F-LOAN-052,"An installment's Status becomes Recovered once RecoveredAmount>=InstallmentAmount, otherwise PartiallyRecovered",Implemented,,POST /api/payroll/runs/{id}/calculate,PayrollCalculationEngine.PersistLoanRecoveriesAsync,Payroll.Run.Calculate,LoanInstallments.Status,1,LOAN-PAY-010,0,,,
11-loans-advances,Payroll Deduction Integration,F-LOAN-053,Payroll recovery correctly decrements the loan's own OutstandingPrincipal/OutstandingInterest/OutstandingTotal aggregate fields (not only the installment's own RecoveredAmount),Implemented,,POST /api/payroll/runs/{id}/calculate,PayrollCalculationEngine.PersistLoanRecoveriesAsync,Payroll.Run.Calculate,"EmployeeLoans.OutstandingPrincipal, OutstandingInterest, OutstandingTotal",1,LOAN-PAY-011,0,,,
11-loans-advances,Payroll Deduction Integration,F-LOAN-054,"CONFIRMED DEFECT - a loan whose OutstandingTotal is driven to exactly zero purely through payroll-recovery installments is NEVER transitioned to Closed by PersistLoanRecoveriesAsync, unlike RecordRepaymentAsync's manual-repayment path which explicitly closes the loan the moment OutstandingTotal reaches zero; the loan remains Status=Active indefinitely",Implemented,,POST /api/payroll/runs/{id}/calculate,PayrollCalculationEngine.PersistLoanRecoveriesAsync (contrast with PayrollLoanService.RecordRepaymentAsync),Payroll.Run.Calculate,EmployeeLoans.Status,1,LOAN-PAY-012,0,,,
11-loans-advances,"Repayment, Prepayment, Closure and Outstanding Balance",F-LOAN-055,"RecordRepaymentAsync (manual repayment) requires the loan to be Active and a positive Amount not exceeding OutstandingTotal, else Conflict/Invalid",Implemented,PayrollLoansPage,POST /api/payroll/loans/{id}/repayments,PayrollLoanService.RecordRepaymentAsync,Payroll.Loans.Recover,EmployeeLoans.Status,1,LOAN-REP-001,0,,,
11-loans-advances,"Repayment, Prepayment, Closure and Outstanding Balance",F-LOAN-056,"A manual repayment applies to OutstandingInterest first, then OutstandingPrincipal with the remainder, recording principal/interest split on the LoanRepayment row (RepaymentType.Manual)",Implemented,,POST /api/payroll/loans/{id}/repayments,PayrollLoanService.RecordRepaymentAsync,Payroll.Loans.Recover,LoanRepayments,1,LOAN-REP-002,0,,,
11-loans-advances,"Repayment, Prepayment, Closure and Outstanding Balance",F-LOAN-057,"A manual repayment that drives OutstandingTotal to exactly zero auto-closes the loan (Status=Closed, ClosedAtUtc/ClosedByUserId/ClosureReason stamped)",Implemented,,POST /api/payroll/loans/{id}/repayments,PayrollLoanService.RecordRepaymentAsync,Payroll.Loans.Recover,EmployeeLoans.Status,1,LOAN-REP-003,0,,,
11-loans-advances,"Repayment, Prepayment, Closure and Outstanding Balance",F-LOAN-058,"PartialPrepayAsync requires the owning product's AllowPartialPrepayment flag to be enabled, else Conflict",Implemented,PayrollLoansPage,POST /api/payroll/loans/{id}/prepay,PayrollLoanService.PartialPrepayAsync,Payroll.Loans.Recover,LoanProducts.AllowPartialPrepayment,1,LOAN-REP-004,0,,,
11-loans-advances,"Repayment, Prepayment, Closure and Outstanding Balance",F-LOAN-059,"PartialPrepayAsync requires the loan to be Active and Amount positive and no greater than OutstandingPrincipal, applying the full amount to principal only (no interest apportionment)",Implemented,,POST /api/payroll/loans/{id}/prepay,PayrollLoanService.PartialPrepayAsync,Payroll.Loans.Recover,EmployeeLoans.OutstandingPrincipal,1,LOAN-REP-005,0,,,
11-loans-advances,"Repayment, Prepayment, Closure and Outstanding Balance",F-LOAN-060,"INCONSISTENCY - PartialPrepayAsync does NOT auto-close the loan even when the prepayment reduces OutstandingTotal to exactly zero, unlike RecordRepaymentAsync's auto-close-at-zero behavior for the structurally identical scenario",Implemented,,POST /api/payroll/loans/{id}/prepay,PayrollLoanService.PartialPrepayAsync (contrast with RecordRepaymentAsync),Payroll.Loans.Recover,EmployeeLoans.Status,1,LOAN-REP-006,0,,,
11-loans-advances,"Repayment, Prepayment, Closure and Outstanding Balance",F-LOAN-061,A partial prepayment appends a PartialPrepayment LoanHistory row and records a LoanRepayment with RepaymentType.PartialPrepayment,Implemented,,POST /api/payroll/loans/{id}/prepay,PayrollLoanService.PartialPrepayAsync,Payroll.Loans.Recover,"LoanRepayments, LoanHistories",1,LOAN-REP-007,0,,,
11-loans-advances,"Repayment, Prepayment, Closure and Outstanding Balance",F-LOAN-062,"CloseAsync (early closure) requires the owning product's AllowEarlyClosure flag, else Conflict, and the loan must be Active",Implemented,PayrollLoansPage,POST /api/payroll/loans/{id}/close,PayrollLoanService.CloseAsync,Payroll.Loans.Close,LoanProducts.AllowEarlyClosure,1,LOAN-REP-008,0,,,
11-loans-advances,"Repayment, Prepayment, Closure and Outstanding Balance",F-LOAN-063,"A supplied non-zero Amount must exactly equal the loan's current OutstandingTotal, else Invalid with the required amount echoed back in the message; Amount=0 is accepted as shorthand for the current outstanding total",Implemented,,POST /api/payroll/loans/{id}/close,PayrollLoanService.CloseAsync,Payroll.Loans.Close,n/a,1,LOAN-REP-009,0,,,
11-loans-advances,"Repayment, Prepayment, Closure and Outstanding Balance",F-LOAN-064,"Early closure zeroes OutstandingPrincipal/Interest/Total, sets Status=Closed, records a LoanRepayment (RepaymentType.EarlyClosure) for the full outstanding amount, and cancels every remaining Scheduled installment",Implemented,,POST /api/payroll/loans/{id}/close,PayrollLoanService.CloseAsync,Payroll.Loans.Close,"EmployeeLoans, LoanInstallments.Status",1,LOAN-REP-010,0,,,
11-loans-advances,"Repayment, Prepayment, Closure and Outstanding Balance",F-LOAN-065,"Repayment/prepayment/closure all increment EmployeeLoan.ConcurrencyVersion, a genuine EF IsConcurrencyToken column, so a true concurrent race between two of these actions on the same loan throws DbUpdateConcurrencyException rather than silently double-applying",Implemented,,,PayrollLoanService.cs (ConcurrencyVersion++ in RecordRepaymentAsync/PartialPrepayAsync/CloseAsync),Payroll.Loans.Recover,EmployeeLoans.ConcurrencyVersion,1,LOAN-REP-011,0,,,
11-loans-advances,"Repayment, Prepayment, Closure and Outstanding Balance",F-LOAN-066,"None of the Loan mutation endpoints (repayments/prepay/close/approve/record-disbursement) accept a client-supplied expectedConcurrencyVersion parameter, unlike SalaryComponent/SalaryStructure/EmployeeSalaryAssignment - an ordinary stale-form conflict is caught only by EF's own DbUpdateConcurrencyException (mapped by the global ExceptionHandlingMiddleware to a generic 500), never as a clean, pre-checked 409",Implemented,,"POST /api/payroll/loans/{id}/repayments, /prepay, /close, /approve, /record-disbursement",PayrollLoansController.cs (full route-parameter grep),Payroll.Loans.Recover,n/a,2,"LOAN-REP-012, LOAN-REP-013",0,,,
11-loans-advances,Cancellation,F-LOAN-067,Cancel is blocked only when the loan is Active or Closed - every other state (Draft/Submitted/Approved/Rejected/already-Cancelled) is accepted,Implemented,PayrollLoansPage,POST /api/payroll/loans/{id}/cancel,PayrollLoanService.CancelCoreAsync,Payroll.Loans.Cancel,EmployeeLoans.Status,2,"LOAN-CAN-001, LOAN-CAN-002",0,,,
11-loans-advances,Cancellation,F-LOAN-068,"IDEMPOTENCY GAP - because Cancelled itself is not in the blocked-state list, cancelling an already-Cancelled loan a second time succeeds again, writing a duplicate Cancelled LoanHistory row rather than returning a no-op or Conflict",Implemented,,POST /api/payroll/loans/{id}/cancel,PayrollLoanService.CancelCoreAsync,Payroll.Loans.Cancel,LoanHistories,1,LOAN-CAN-003,0,,,
11-loans-advances,Cancellation,F-LOAN-069,"Cancel invokes PayrollApprovalGuard, so a tenant with RequireReasonForCancellation enabled rejects a Cancel call with a blank reason as Invalid; PreventSelfApproval likewise blocks the original requester from cancelling their own loan under a maker-checker policy",Implemented,,POST /api/payroll/loans/{id}/cancel?reason=,PayrollLoanService.CancelCoreAsync -> PayrollApprovalGuard.ValidateAsync,Payroll.Loans.Cancel,PayrollControlConfigurations,2,"LOAN-CAN-004, LOAN-CAN-005",0,,,
11-loans-advances,Cancellation,F-LOAN-070,A successful cancellation appends a Cancelled LoanHistory row carrying the previous status and the supplied reason,Implemented,,POST /api/payroll/loans/{id}/cancel,PayrollLoanService.CancelCoreAsync,Payroll.Loans.Cancel,LoanHistories,1,LOAN-CAN-006,0,,,
11-loans-advances,Cancellation,F-LOAN-071,"A cross-tenant loan id on cancel is NotFound, not Forbidden",Implemented,,POST /api/payroll/loans/{id}/cancel,PayrollLoanService.cs (TenantId filter),Payroll.Loans.Cancel,EmployeeLoans (TenantId filter),1,LOAN-CAN-007,0,,,
11-loans-advances,Final Settlement Integration,F-LOAN-072,"CalculateSettlementAsync auto-generates one Recovery FinalSettlementLine per Active loan with OutstandingTotal>0 for the settlement's employee, sized to the loan's OutstandingTotal at generation time",Implemented,,POST /api/payroll/final-settlements/{id}/calculate,PayrollRetroSettlementService.CalculateSettlementAsync,Payroll.FinalSettlement.Manage,"FinalSettlementLines, EmployeeLoans",2,"LOAN-FST-001, LOAN-FST-009",0,,,
11-loans-advances,Final Settlement Integration,F-LOAN-073,"Re-running CalculateSettlementAsync (still Draft/Calculated) does not duplicate a loan-recovery line that was already generated for the same loan, but also does not refresh an existing line's Amount if the loan's OutstandingTotal has since changed",Implemented,,POST /api/payroll/final-settlements/{id}/calculate,PayrollRetroSettlementService.CalculateSettlementAsync,Payroll.FinalSettlement.Manage,FinalSettlementLines,2,"LOAN-FST-002, LOAN-FST-003",0,,,
11-loans-advances,Final Settlement Integration,F-LOAN-074,"On FinalizeSettlementAsync, each EmployeeLoan-sourced line recovers min(line.Amount, loan.OutstandingTotal) - not the possibly-stale line.Amount outright - so a manual repayment made between Calculate and Finalize is correctly reflected and the loan is never over-recovered",Implemented,,POST /api/payroll/final-settlements/{id}/finalize,PayrollRetroSettlementService.TransitionSettlementAsync,Payroll.FinalSettlement.Manage,EmployeeLoans.OutstandingTotal,1,LOAN-FST-004,0,,,
11-loans-advances,Final Settlement Integration,F-LOAN-075,"Finalization records a LoanRepayment (RepaymentType.FinalSettlement, SourceType=FinalSettlement, Reference=the settlement id) splitting interest/principal from the recovered amount, and idempotently skips a loan line already recovered under the same settlement Reference",Implemented,,POST /api/payroll/final-settlements/{id}/finalize,PayrollRetroSettlementService.TransitionSettlementAsync,Payroll.FinalSettlement.Manage,LoanRepayments,1,LOAN-FST-005,0,,,
11-loans-advances,Final Settlement Integration,F-LOAN-076,"Finalization closes the loan (Status=Closed, ClosureReason='Recovered through final settlement.') the moment the recovery brings its OutstandingTotal to zero, and appends a FinalSettlementRecovery LoanHistory row regardless",Implemented,,POST /api/payroll/final-settlements/{id}/finalize,PayrollRetroSettlementService.TransitionSettlementAsync,Payroll.FinalSettlement.Manage,"EmployeeLoans.Status, LoanHistories",1,LOAN-FST-006,0,,,
11-loans-advances,Final Settlement Integration,F-LOAN-077,A loan whose OutstandingTotal exceeds the recorded settlement line's Amount (e.g. a top-up disbursement after Calculate) is only ever recovered up to line.Amount at finalization - the residual outstanding balance survives the settlement and is not separately flagged,Implemented,,POST /api/payroll/final-settlements/{id}/finalize,PayrollRetroSettlementService.TransitionSettlementAsync,Payroll.FinalSettlement.Manage,EmployeeLoans.OutstandingTotal,1,LOAN-FST-007,0,,,
11-loans-advances,Final Settlement Integration,F-LOAN-078,"A loan that is not Active (e.g. already Closed or Cancelled) at finalization time is silently skipped by its generated settlement line, with no error and no repayment recorded",Implemented,,POST /api/payroll/final-settlements/{id}/finalize,PayrollRetroSettlementService.TransitionSettlementAsync,Payroll.FinalSettlement.Manage,EmployeeLoans.Status,1,LOAN-FST-008,0,,,
11-loans-advances,Loan Register and Reports,F-LOAN-079,GetRegisterAsync is a true paged endpoint (Page/PageSize/total count) supporting ProductId/ProductType/EmployeeId/Status/From-To(RequestedAtUtc) filters,Implemented,PayrollLoansPage,GET /api/payroll/loans/register,PayrollLoanService.GetRegisterAsync,Payroll.Loans.View,EmployeeLoans,2,"LOAN-REG-001, LOAN-REG-002",0,,,
11-loans-advances,Loan Register and Reports,F-LOAN-080,"LoanRegisterQuery has no registered FluentValidation validator - Page/PageSize are never bounded server-side (no MaxPageSize=100 enforcement, unlike other PagedQuery-derived DTOs in the app), so an oversized PageSize defeats pagination and Page<=0 feeds an unguarded Skip() calculation",Implemented,,GET /api/payroll/loans/register,PayrollLoanService.cs (full grep for a LoanRegisterQuery validator),Payroll.Loans.View,n/a,2,"LOAN-REG-003, LOAN-REG-004",0,,,
11-loans-advances,Loan Register and Reports,F-LOAN-081,"The register's per-row NextDueDate is the earliest Scheduled/PartiallyRecovered installment's DueDate, and PrincipalRecovered/InterestRecovered/TotalRecovered are live sums over LoanRepayments rather than stored snapshots",Implemented,,GET /api/payroll/loans/register,PayrollLoanService.GetRegisterAsync,Payroll.Loans.View,"LoanRepayments, LoanInstallments",1,LOAN-REG-005,0,,,
11-loans-advances,Loan Register and Reports,F-LOAN-082,"GetLoansAsync (the admin GET /api/payroll/loans listing and every /api/me/loans* ESS route) is NOT paginated at all - it hard-caps at the 500 most-recently-requested loans (OrderByDescending RequestedAtUtc) with no page/pageSize parameters, unlike the true-paged register",Implemented,,"GET /api/payroll/loans, GET /api/me/loans",PayrollLoanService.GetLoansAsync,"Payroll.Loans.View, Payroll.Loans.Request",EmployeeLoans,2,"LOAN-REG-006, LOAN-REG-007",0,,,
11-loans-advances,Loan Register and Reports,F-LOAN-083,There is no dedicated register CSV/export endpoint or reporting sheet for Loans (unlike Payroll Reports/Payroll Analytics/Reimbursements' own Register export) - the design doc itself lists register export as historically deferred scope,Deferred,,n/a,n/a,n/a,n/a,1,LOAN-REG-008,0,,,
11-loans-advances,"Authorization, Scope and Tenant Isolation",F-LOAN-084,CONFIRMED - grep of SeedData.cs's RolePermissionMap shows NO seeded role other than SuperAdmin/TenantAdmin (both via Permissions.All) is granted ANY Payroll.Loans.* permission natively,Implemented,,,"Backend/HRMS.Infrastructure/Persistence/Seed/SeedData.cs (RolePermissionMap, full grep for LoansView/Request/Manage/Approve/Disburse/Recover/Close/Cancel/ViewHistory/ManageProducts)",n/a,n/a,1,LOAN-SEC-001,0,,,
11-loans-advances,"Authorization, Scope and Tenant Isolation",F-LOAN-085,HRAdmin holds zero Payroll.Loans.* permissions despite natively holding the entire Salary/Structure/Period/Run/Controls/TaxDeclaration/YearEndTax grant list in qa/10-payroll,Implemented,,,SeedData.cs (RolePermissionMap[HRAdmin]),n/a,n/a,1,LOAN-SEC-002,0,,,
11-loans-advances,"Authorization, Scope and Tenant Isolation",F-LOAN-086,"SuperHR holds zero native Payroll.Loans.* permissions but can self-escalate to full Loans management (View/Request/Approve/Disburse/Recover/Close/Cancel/ManageProducts) via one PageAccess.Manage call, the same CR-66 self-escalation shape documented in qa/06-rbac-account-linking and re-verified in every module since",Implemented,,,Backend/HRMS.Application/Services/PageAccessService.cs (UpdateAsync); SeedData.cs (RolePermissionMap[SuperHR]),PageAccess.Manage,n/a,1,LOAN-SEC-003,0,,,
11-loans-advances,"Authorization, Scope and Tenant Isolation",F-LOAN-087,"Employee holds zero Payroll.Loans.* permissions out of the box, including Payroll.Loans.Request - a freshly seeded Employee cannot submit a loan/advance request for themselves through /api/me/loans without an explicit tenant grant",Implemented,,POST /api/me/loans,SeedData.cs (RolePermissionMap[Employee]),Payroll.Loans.Request,n/a,1,LOAN-SEC-004,0,,,
11-loans-advances,"Authorization, Scope and Tenant Isolation",F-LOAN-088,"Manager holds zero Payroll.Loans.* permissions - there is no manager/team-scope view of direct reports' loans, consistent with the CR-77 pattern (no team-scope permission concept) already documented for Payroll",Implemented,,,SeedData.cs (RolePermissionMap[Manager]),n/a,n/a,1,LOAN-SEC-005,0,,,
11-loans-advances,"Authorization, Scope and Tenant Isolation",F-LOAN-089,"Payroll.Loans.Manage and Payroll.Loans.ViewHistory are declared and seeded (ids 147, 153) but checked by zero [HasPermission] attributes anywhere in the codebase - each mutating action is instead gated by its own granular permission and no /history endpoint exists for loans at all",Implemented,,,Backend/HRMS.API/Controllers/PayrollLoansController.cs (full [HasPermission] grep); Permissions.cs,"Payroll.Loans.Manage, Payroll.Loans.ViewHistory",n/a,2,"LOAN-SEC-006, LOAN-SEC-007",0,,,
11-loans-advances,"Authorization, Scope and Tenant Isolation",F-LOAN-090,"The ESS routes (/api/me/loans*) are gated by the SAME Payroll.Loans.Request permission used for the plain create/submit actions - there is no separate self-view permission, so any role holding Request can also list/read its own linked-employee loans",Implemented,,"GET /api/me/loans, GET /api/me/loans/{id}",PayrollLoansController.cs (full [HasPermission] grep on /api/me/loans* routes),Payroll.Loans.Request,n/a,1,LOAN-SEC-008,0,,,
11-loans-advances,"Authorization, Scope and Tenant Isolation",F-LOAN-091,"An unlinked user (no AccountEmployeeLink) calling any /api/me/loans* route receives Unauthorized (No linked employee identity), not an empty result set",Implemented,,GET /api/me/loans,PayrollLoansController.LinkedEmployeeAsync,Payroll.Loans.Request,AccountEmployeeLinks,1,LOAN-SEC-009,0,,,
11-loans-advances,"Authorization, Scope and Tenant Isolation",F-LOAN-092,"MyLoan (GET /api/me/loans/{id}) returns NotFound for a loan id that exists but belongs to a different employee than the caller's own linked identity, even within the same tenant - it never leaks another employee's loan by id",Implemented,,GET /api/me/loans/{id},PayrollLoansController.MyLoan,Payroll.Loans.Request,n/a,1,LOAN-SEC-010,0,,,
11-loans-advances,"Authorization, Scope and Tenant Isolation",F-LOAN-093,"A cross-tenant loan/product id on every read and mutation route (products, loans, register, schedule) is NotFound, not Forbidden - verified across the full TenantId-filter surface",Implemented,,"GET/POST /api/payroll/loan-products/{id}, /loans/{id}",PayrollLoanService.cs (TenantId filter throughout),Payroll.Loans.View,"LoanProducts, EmployeeLoans (TenantId filter)",1,LOAN-SEC-011,0,,,
11-loans-advances,"Authorization, Scope and Tenant Isolation",F-LOAN-094,The Loan Register and every admin listing endpoint filter strictly by the resolved tenant - a second tenant's loans/products never appear regardless of query filters supplied,Implemented,,GET /api/payroll/loans/register,PayrollLoanService.GetRegisterAsync,Payroll.Loans.View,EmployeeLoans (TenantId filter),1,LOAN-SEC-012,0,,,
11-loans-advances,Audit and History,F-LOAN-095,LoanHistory is append-only across the entire lifecycle (Created/Submitted/Approved/Rejected/Disbursed/Activated/PayrollRecovery/ManualRepayment/PartialPrepayment/EarlyClosure/FinalSettlementRecovery/Cancelled) - no update or delete path exists for any LoanHistory row,Implemented,,,"PayrollLoanService.AddHistory, PayrollCalculationEngine.PersistLoanRecoveriesAsync, PayrollRetroSettlementService.AddLoanHistory",n/a,LoanHistories,2,"LOAN-AUD-001, LOAN-AUD-002",0,,,
11-loans-advances,Audit and History,F-LOAN-096,"Every LoanHistory row stamps ActorUserId from the current tenant context and OccurredAtUtc from the injected clock, giving full actor attribution even for system-triggered PayrollRecovery/FinalSettlementRecovery events",Implemented,,,PayrollLoanService.AddHistory,n/a,"LoanHistories.ActorUserId, OccurredAtUtc",1,LOAN-AUD-003,0,,,
11-loans-advances,Audit and History,F-LOAN-097,"There is no exposed GET /history endpoint for a loan despite the append-only LoanHistory table existing and being fully populated - history can only be read directly from the database, not through the API, in contrast with every history-bearing entity in qa/10-payroll",Implemented,,n/a,IPayrollLoanService.cs (full grep for a GetHistoryAsync method),Payroll.Loans.ViewHistory,LoanHistories,1,LOAN-AUD-004,0,,,
11-loans-advances,Audit and History,F-LOAN-098,"A LoanHistory row for a PayrollRecovery or FinalSettlementRecovery event carries SourceType/SourceId pointing back to the originating PayrollResult or FinalSettlementCase, distinguishing system-triggered recovery from a manually-actioned lifecycle change",Implemented,,,"PayrollCalculationEngine.PersistLoanRecoveriesAsync, PayrollRetroSettlementService.AddLoanHistory",n/a,"LoanHistories.SourceType, SourceId",1,LOAN-AUD-005,0,,,
11-loans-advances,"Concurrency, Provider Parity and Large Data",F-LOAN-099,Two concurrent full manual repayments against the same loan resolve to exactly one authoritative financial effect - the loser fails with DbUpdateConcurrencyException rather than double-recording,Implemented,,,PayrollLoanService.RecordRepaymentAsync (EmployeeLoan.ConcurrencyVersion race),Payroll.Loans.Recover,EmployeeLoans.ConcurrencyVersion,1,LOAN-PRV-001,0,,,
11-loans-advances,"Concurrency, Provider Parity and Large Data",F-LOAN-100,A concurrent partial-prepayment vs. payroll-recovery race never over-recovers the authoritative outstanding balance beyond what was actually owed,Implemented,,,PayrollLoanService.PartialPrepayAsync vs PayrollCalculationEngine.PersistLoanRecoveriesAsync,Payroll.Loans.Recover,EmployeeLoans.OutstandingTotal,1,LOAN-PRV-002,0,,,
11-loans-advances,"Concurrency, Provider Parity and Large Data",F-LOAN-101,"A concurrent early-closure vs. manual-repayment race resolves to exactly one valid lifecycle outcome (Active or Closed), never a corrupted intermediate state",Implemented,,,PayrollLoanService.CloseAsync vs RecordRepaymentAsync,Payroll.Loans.Close,EmployeeLoans.Status,1,LOAN-PRV-003,0,,,
11-loans-advances,"Concurrency, Provider Parity and Large Data",F-LOAN-102,Two concurrent Approve calls on the same Submitted loan resolve to exactly one authoritative Approved state and exactly one Approved LoanHistory row,Implemented,,,PayrollLoanService.ApproveAsync,Payroll.Loans.Approve,"EmployeeLoans.ConcurrencyVersion, LoanHistories",1,LOAN-PRV-004,0,,,
11-loans-advances,"Concurrency, Provider Parity and Large Data",F-LOAN-103,"SQL Server and MySQL provider acceptance both execute the identical persisted loan lifecycle (product/version, request, approve, disburse+schedule, payroll recovery, manual repayment, partial prepayment, early closure, Final Settlement recovery, register, tenant isolation) through the shared PayrollLoansProviderAcceptance.RunAsync path with equivalent outcomes",Implemented,,,"PayrollLoansProviderAcceptance.RunAsync, MySqlPayrollLoansIntegrationTests, SqlServerPayrollLoansIntegrationTests",n/a,n/a,3,"LOAN-PRV-006, LOAN-PRV-007, LOAN-PRV-008",0,,,
11-loans-advances,"Concurrency, Provider Parity and Large Data",F-LOAN-104,"The Loan Register correctly pages and reconciles 100+ loans for a single tenant with no cross-tenant leakage, evidencing GetRegisterAsync's paging contract at scale even though it has no dedicated *LargeDataTests.cs class of its own (see F-LOAN-080's validator gap)",Implemented,,GET /api/payroll/loans/register,PayrollLoanService.GetRegisterAsync,Payroll.Loans.View,EmployeeLoans,2,"LOAN-PRV-009, LOAN-PRV-010",0,,,
11-loans-advances,Frontend,F-LOAN-105,PayrollLoansPage and MyLoansPage perform ZERO client-side permission checks (no useAuth/usePermission/hasPermission/can() reference anywhere in the file) - every action button (Approve/Reject/Record disbursement/Manual repayment/Partial prepayment/Early closure/Cancel) renders regardless of the signed-in user's actual permissions,Implemented,"PayrollLoansPage, MyLoansPage",n/a,Frontend/HRMS.Web/src/pages/payroll/PayrollLoansPage.tsx (full grep for permission checks),n/a,n/a,1,LOAN-FE-001,0,,,
11-loans-advances,Frontend,F-LOAN-106,CONFIRMED FRONTEND DEFECT - the admin 'Manual repayment' and 'Partial prepayment' buttons hardcode amount:1 with no input field for the operator to specify an actual amount; clicking either button in production always submits a trivial 1-currency-unit repayment/prepayment regardless of intent,Implemented,PayrollLoansPage,n/a,Frontend/HRMS.Web/src/pages/payroll/PayrollLoansPage.tsx (LoanActions component),n/a,n/a,2,"LOAN-FE-002, LOAN-FE-003",0,,,
11-loans-advances,Frontend,F-LOAN-107,"The Reject and Cancel admin actions likewise hardcode a fixed reason string ('Rejected by payroll administrator' / 'Cancelled by payroll administrator') with no free-text reason input, so every audit trail entry for these actions is byte-identical regardless of the real reason",Implemented,PayrollLoansPage,n/a,Frontend/HRMS.Web/src/pages/payroll/PayrollLoansPage.tsx (LoanActions component),n/a,n/a,1,LOAN-FE-004,0,,,
11-loans-advances,Frontend,F-LOAN-108,"CONFIRMED FRONTEND DEFECT - the 'Edit first product' control always edits products.data[0] regardless of which product the operator actually wants to change; with more than one loan product configured, every product after the first can never be edited through this page",Implemented,PayrollLoansPage,n/a,Frontend/HRMS.Web/src/pages/payroll/PayrollLoansPage.tsx (ProductForm/editing state),n/a,n/a,1,LOAN-FE-005,0,,,
11-loans-advances,Frontend,F-LOAN-109,"The Loan Product create/edit form has no input controls for AllowPartialPrepayment, AllowEarlyClosure or MaxConcurrentLoans - every product created through the UI is silently fixed at AllowPartialPrepayment=false and AllowEarlyClosure=false (the ProductForm's blankProduct defaults), making Partial Prepayment and Early Closure permanently unreachable for any UI-created product unless amended by a direct API call",Implemented,PayrollLoansPage,n/a,Frontend/HRMS.Web/src/pages/payroll/PayrollLoansPage.tsx (ProductForm),n/a,n/a,1,LOAN-FE-006,0,,,
11-loans-advances,Frontend,F-LOAN-110,"src/layout/navigation.ts has no entry for either PayrollLoansPage or MyLoansPage - both are reachable only by typing the URL directly, the same route-discoverability gap qa/09-separation's CR-163 and qa/10-payroll's CR-169 documented for their own un-navigated screens",Implemented,"PayrollLoansPage, MyLoansPage",n/a,Frontend/HRMS.Web/src/layout/navigation.ts (full grep for loans/Loans),n/a,n/a,1,LOAN-FE-007,0,,,
11-loans-advances,Frontend,F-LOAN-111,"ESS employees see only their own linked-employee loans/products and the schedule detail view, correctly rendering the eligible-product limits check before allowing a request to be submitted",Implemented,MyLoansPage,n/a,Frontend/HRMS.Web/src/pages/payroll/PayrollLoansPage.tsx (MyLoansPage.submit),n/a,n/a,1,LOAN-FE-008,0,,,
11-loans-advances,Frontend,F-LOAN-112,"The admin Loan Register filter panel and pagination control render correctly against the paged API response, and the per-loan action set shown is state-dependent (only the actions valid for the loan's current Status are rendered)",Implemented,PayrollLoansPage,n/a,"Frontend/HRMS.Web/src/pages/payroll/PayrollLoansPage.tsx (LoanActions, register filters)",n/a,n/a,1,LOAN-FE-009,0,,,
